"section"	"name"	"pool_pages"	"max_context"	"sink"	"scorer"	"extra"	"ready"	"http"	"pages"	"runtime_mib"	"free_mib"	"skeleton_pages"	"ring_lines"	"engine_ready"	"guard_refusal"	"secs"	"memory"
"T2"	"base-chunk1024-graph-gdn32"	"64"	"65536"	""	""	""	"1"	""	"64"	"741.1"	"24985.6"	"4"	"6"	"1"	"0"	"5.2"	""
"T2"	"gdn-fp16"	"64"	"65536"	""	""	"--gdn-state-fp16"	"1"	""	"64"	"597.1"	"25088"	"4"	"6"	"1"	"0"	"5.2"	""
"T2"	"chunk-256"	"64"	"65536"	""	""	"--prefill-chunk 256"	"1"	""	"64"	"619.2"	"25088"	"4"	"6"	"1"	"0"	"4.6"	""
"T2"	"no-graph"	"64"	"65536"	""	""	"--no-cuda-graph"	"1"	""	"64"	"717.1"	"24985.6"	"4"	"6"	"1"	"0"	"4.6"	""
"T2"	"all-three"	"64"	"65536"	""	""	"--gdn-state-fp16 --prefill-chunk 256 --no-cuda-graph"	"1"	""	"64"	"451.2"	"25292.8"	"4"	"6"	"1"	"0"	"4.6"	""
"T3"	"sink640-pool64"	"64"	"65536"	"640"	""	""	"1"	""	"64"	"741.1"	"24985.6"	"10"	"6"	"1"	"0"	"5.2"	""
"T3"	"sink1920-pool64"	"64"	"65536"	"1920"	""	""	"1"	""	"64"	"741.1"	"24985.6"	"30"	"6"	"1"	"0"	"4.6"	""
"T4"	"lean-pool34"	"34"	"65536"	""	""	"--gdn-state-fp16 --prefill-chunk 128 --no-cuda-graph"	"1"	"200"	"34"	"314.1"	"25395.2"	"4"	"28"	"1"	"0"	"7.2"	"after_weights=26974617600 after_startup=26641170432 ws_cap=26542592 ws_peak=26542592 seq_cap=302833664 runtime_res=329376256 min_runtime=190964224 slack=26645241344"
"T4"	"lean-pool512"	"512"	"65536"	""	""	"--gdn-state-fp16 --prefill-chunk 128 --no-cuda-graph"	"1"	"200"	"512"	"2222.1"	"23449.6"	"4"	"28"	"1"	"0"	"7.1"	"after_weights=26974617600 after_startup=24636293120 ws_cap=26542592 ws_peak=26542592 seq_cap=2307710976 runtime_res=2334253568 min_runtime=190964224 slack=24640364032"
"T7"	"maxctx-eq-pool"	"1024"	"65536"	""	""	"--gdn-state-fp16 --prefill-chunk 128 --no-cuda-graph"	"1"	""	"1,024"	"4270.1"	"21401.6"	""	"0"	"1"	"0"	"4.6"	""
