"run"	"arm"	"retrieve_env"	"pool"	"trials"	"hit"	"silent_wrong"	"answer"
"RUN1"	"over-8192-strict"	"explicit 0"	"8192"	"3"	"0"	"3"	"no ARCHIVE CODE in text"
"RUN1"	"over-8192-open"	"explicit 0"	"8192"	"3"	"0"	"3"	"no ARCHIVE CODE in text"
"RUN2"	"over-8192-strict"	"UNSET (B32 fires)"	"8192"	"3"	"3"	"0"	"ARCH-4201/4202/4203"
"RUN2"	"over-8192-open"	"UNSET (B32 fires)"	"8192"	"3"	"3"	"0"	"ARCH-4201/4202/4203"
"RUN3"	"over-8192-strict"	"UNSET + AUTO=0"	"8192"	"3"	"0"	"3"	"no ARCHIVE CODE in text"
"RUN3"	"over-8192-open"	"UNSET + AUTO=0"	"8192"	"3"	"0"	"3"	"no ARCHIVE CODE in text"
"kmin"	"unset + over-pool (pool 60)"	"unset"	"60"	"1"	"-"	"-"	"AUTO line 16x; budgets evidence=12 free=4 (20/32 lines)"
"kmin"	"explicit 0 + over-pool (pool 60)"	"explicit 0"	"60"	"1"	"-"	"-"	"AUTO 0x; evidence=0 free=16"
"kmin"	"unset + AUTO=0 + over-pool (pool 60)"	"unset + AUTO=0"	"60"	"1"	"-"	"-"	"AUTO 0x; evidence=0"
"kmin"	"unset + NOT over-pool (pool 120)"	"unset"	"120"	"1"	"-"	"-"	"AUTO 0x; evidence=0 free=76"
