"phase"	"run"	"arm"	"ready"	"startup_failed"	"ring"	"note"
"L0-3"	"1"	"b1-base"	"1"	"0"	""	""
"L0-3"	"1"	"b1-all-three"	"1"	"0"	""	""
"L0-3"	"2"	"b1-base"	"1"	"0"	""	""
"L0-3"	"2"	"b1-all-three"	"1"	"0"	""	""
"L0-3"	"3"	"b1-base"	"1"	"0"	""	""
"L0-3"	"3"	"b1-all-three"	"1"	"0"	""	""
"L0-3"	"4"	"b1-base"	"1"	"0"	""	""
"L0-3"	"4"	"b1-all-three"	"1"	"0"	""	""
"L0-3"	"5"	"b1-base"	"1"	"0"	""	""
"L0-3"	"5"	"b1-all-three"	"1"	"0"	""	""
"L0-4"	"15"	"p280-sink16960"	""	""	"22"	"""280""	""200""	""12""	""3""	""yes"""
"L0-4"	"16"	"p280-sink16896"	""	""	"22"	"""280""	""200""	""12""	""4""	""yes"""
"L0-4"	"17"	"p280-sink16832"	""	""	"22"	"""280""	""200""	""12""	""5""	""yes"""
"L0-5"	"65536"	"p64-mc65536"	""	""	"22"	"mask_hidden=20 | ""64""	""200""	""12""	""8""	""yes"""
"L0-5"	"4096"	"p64-mc4096"	""	""	"0"	"mask_hidden=0 | ""64""	""200""	""-1""	""-1""	""yes"""
