"arm"	"rep"	"exe"	"extra"	"body"	"ready"	"http"	"reasoning_tokens"	"content_len"	"resp_sha"	"channel"	"chars"	"tokens"	"dup8"	"distinct1"
"off-think"	"1"	"ninfer-serve.exe"	""	"off-think"	"1"	"200"	"3072"	"11883"	"325D25E03ED631FE"	"reasoning_content"	"11044"	"2183"	"0.2385"	"0.1503"
"off-think"	"2"	"ninfer-serve.exe"	""	"off-think"	"1"	"200"	"3072"	"11874"	"BD2E5BAC3F8B5DFA"	"reasoning_content"	"11044"	"2183"	"0.2385"	"0.1503"
"off-think"	"3"	"ninfer-serve.exe"	""	"off-think"	"1"	"200"	"3072"	"11855"	"B0465021CDCD2267"	"reasoning_content"	"11044"	"2183"	"0.2385"	"0.1503"
"ppHi-think"	"1"	"ninfer-serve.exe"	"--thinking-presence-penalty 2.0"	"ppHi-think"	"1"	"200"	"2334"	"9687"	"221D02727A77E711"	"reasoning_content"	"8916"	"1703"	"0.1922"	"0.2337"
"ppHi-think"	"2"	"ninfer-serve.exe"	"--thinking-presence-penalty 2.0"	"ppHi-think"	"1"	"200"	"2334"	"9694"	"ECB6F28BF6C1FD3B"	"reasoning_content"	"8916"	"1703"	"0.1922"	"0.2337"
"ppHi-think"	"3"	"ninfer-serve.exe"	"--thinking-presence-penalty 2.0"	"ppHi-think"	"1"	"200"	"2334"	"9667"	"FA8A5F9AE888B92D"	"reasoning_content"	"8916"	"1703"	"0.1922"	"0.2337"
"ppLo-think"	"1"	"ninfer-serve.exe"	"--thinking-presence-penalty -2.0"	"ppLo-think"	"1"	"200"	"260"	"1523"	"D867FF0B5537653A"	"reasoning_content"	"913"	"188"	"0.2099"	"0.3617"
"ppLo-think"	"2"	"ninfer-serve.exe"	"--thinking-presence-penalty -2.0"	"ppLo-think"	"1"	"200"	"260"	"1518"	"9CD2A31E13F3334F"	"reasoning_content"	"913"	"188"	"0.2099"	"0.3617"
"ppLo-think"	"3"	"ninfer-serve.exe"	"--thinking-presence-penalty -2.0"	"ppLo-think"	"1"	"200"	"260"	"1500"	"F4960BCED089B6ED"	"reasoning_content"	"913"	"188"	"0.2099"	"0.3617"
"off-nonthink"	"1"	"ninfer-serve.exe"	""	"off-nonthink"	"1"	"200"	"0"	"1334"	"2E49F20914DC1A6B"	"content"	"735"	"145"	"0"	"0.531"
"off-nonthink"	"2"	"ninfer-serve.exe"	""	"off-nonthink"	"1"	"200"	"0"	"1336"	"8C1C2837F55C9DA8"	"content"	"735"	"145"	"0"	"0.531"
"off-nonthink"	"3"	"ninfer-serve.exe"	""	"off-nonthink"	"1"	"200"	"0"	"1308"	"23FD635B06F9E8BE"	"content"	"735"	"145"	"0"	"0.531"
"ppHi-nonthink"	"1"	"ninfer-serve.exe"	"--thinking-presence-penalty 2.0"	"ppHi-nonthink"	"1"	"200"	"0"	"1335"	"5ADA20E0030B91B0"	"content"	"735"	"145"	"0"	"0.531"
"ppHi-nonthink"	"2"	"ninfer-serve.exe"	"--thinking-presence-penalty 2.0"	"ppHi-nonthink"	"1"	"200"	"0"	"1335"	"7B6E04E727A1AE87"	"content"	"735"	"145"	"0"	"0.531"
"ppHi-nonthink"	"3"	"ninfer-serve.exe"	"--thinking-presence-penalty 2.0"	"ppHi-nonthink"	"1"	"200"	"0"	"1315"	"0EC6EE966A6AF093"	"content"	"735"	"145"	"0"	"0.531"
